{
  "model_name": "AI4I_LSTM_AE",
  "precision": 0.9531568228105907,
  "recall": 0.37894736842105264,
  "f1_score": 0.5422943221320974,
  "auc_roc": 0.7693179860453097,
  "threshold": 0.12655733742689568,
  "confusion_matrix": [
    [
      706,
      46
    ],
    [
      1534,
      936
    ]
  ],
  "evaluation_date": "2025-11-05 11:12:16"
}